{
  "resource": "/users/{userid}",
  "path": "/users/12345678-abcd-efgh-1234-1234567890ab",
  "httpMethod": "PUT",
  "headers": null,
  "multiValueHeaders": null,
  "queryStringParameters": null,
  "multiValueQueryStringParameters": null,
  "pathParameters": {
    "userid": "12345678-abcd-efgh-1234-1234567890ab"
  },
  "stageVariables": null,
  "requestContext": {
      "requestId": "be946131-30c4-4396-9c29-f25f8caa91dc"
  },
  "body": "{\"name\":\"John Doe\"}",
  "isBase64Encoded": false
}